{
  "method": "platt",
  "a": 1.799196201995267,
  "b": -1.1861343758930536
}